Actual,Prediction
27.0,14.452408
30.0,9.06182
2.0,8.680492
0.0,9.058018
28.0,12.503702
19.0,9.399051
10.0,8.116734
1.0,8.302463
0.0,7.93488
56.0,7.634405
1.0,10.6931505
0.0,10.516505
60.0,10.279086
4.0,7.713326
9.5,9.1246195
15.0,7.795083
6.0,13.738351
14.0,9.384054
20.0,22.30339
6.0,22.730053
23.0,22.091106
2.0,22.29377
0.0,8.243555
7.0,7.5525923
10.0,8.327971
12.0,14.60683
0.0,8.677089
36.0,17.267775
1.0,12.9820795
0.0,9.56203
0.0,8.376157
4.0,11.41305
0.0,9.029243
0.0,13.054929
4.0,9.38643
40.0,9.470247
27.0,7.402985
50.0,23.443338
88.0,8.208132
0.0,8.4606
88.0,8.099163
0.0,7.744852
40.0,8.063919
0.0,10.96459
88.0,12.091975
0.0,8.463139
60.0,8.201513
60.0,11.701445
0.0,9.218229
25.0,8.430469
5.0,9.232346
13.0,10.447308
4.0,13.153212
88.0,11.229734
2.0,20.621305
40.0,12.935025
0.0,8.679057
61.0,8.205709
0.0,11.591729
39.0,9.746867
32.0,6.983908
28.0,8.84901
19.0,24.97248
23.0,8.321439
2.0,10.263853
1.0,8.286095
0.0,7.799632
0.0,9.714102
0.0,9.827575
2.0,9.647461
40.0,9.462759
50.0,6.5978055
12.0,8.185583
12.0,8.698862
0.0,8.29345
5.0,8.084681
0.0,7.443644
0.0,7.605723
35.0,7.4260893
2.0,7.2305684
9.0,8.424907
0.0,7.5886884
0.0,7.948083
60.0,7.4189715
60.0,7.4915676
8.0,8.217246
4.0,8.5883255
0.0,8.275223
70.0,7.771333
100.0,7.279825
0.0,8.42223
30.0,8.02511
1.0,7.1063223
0.0,9.788942
0.0,7.4871006
0.0,6.9814677
0.0,8.839654
0.0,6.926033
0.0,7.607695
10.0,7.773092
1.0,8.970296
0.0,7.935601
49.0,9.283724
0.0,7.723336
6.0,8.450767
0.0,9.193115
0.0,7.9978395
0.0,7.4225955
39.0,9.155992
2.0,8.948186
3.0,8.03613
60.0,5.960612
60.0,5.9156904
15.0,8.131197
0.0,8.099147
88.0,6.423738
0.0,5.735323
0.0,6.530944
0.0,5.7256765
88.0,5.8588247
57.0,5.865495
0.0,8.225612
3.0,8.347722
1.5,5.841743
0.0,7.3525395
0.0,7.2533154
8.0,7.735592
0.0,7.4797525
27.0,7.867703
50.0,7.8827376
17.0,8.127083
6.0,11.210244
66.0,10.672869
10.0,7.6874595
4.0,9.100809
38.0,9.948328
6.0,7.53679
17.0,8.148727
0.0,8.014234
0.0,6.5677814
0.0,7.1410394
37.0,7.451753
0.0,7.7402396
14.0,6.5332046
14.0,7.0958853
0.0,8.246417
0.0,8.191568
0.0,7.406264
0.0,6.3605037
0.0,6.3399553
0.0,8.157295
0.0,6.1383085
0.0,6.075651
0.0,7.084349
0.0,6.1479383
0.0,6.254878
0.0,6.2078447
30.0,9.129739
0.0,9.019649
0.0,7.882141
0.0,5.868997
0.0,6.115556
0.0,7.0520053
0.0,5.8439074
0.0,7.1586046
1.0,5.981611
0.0,7.5431457
0.0,6.085042
0.0,6.263265
0.0,8.131323
0.0,5.78243
0.0,7.2821956
0.0,5.808461
0.0,5.7256765
0.0,5.8181076
0.0,5.9367385
0.0,8.769951
3.0,5.755229
0.0,5.737674
0.0,7.665836
0.0,5.7648754
1.0,5.7528777
0.0,10.963734
0.0,7.1972337
0.0,6.382201
1.0,7.379815
12.0,11.025876
0.0,6.15979
0.0,7.2867827
0.0,7.8290353
0.0,7.984746
0.0,6.5220933
0.0,8.855819
0.0,11.978813
0.0,6.483014
0.0,7.6005096
0.0,5.899491
0.0,5.768345
0.0,5.7946696
0.0,5.7256765
0.0,5.7256765
0.0,5.7256765
0.0,5.7256765
0.0,5.7256765
0.0,5.7256765
0.0,5.7256765
0.0,6.036055
0.0,6.036055
0.0,6.4147987
0.0,6.611848
0.0,6.683496
0.0,6.7724853
0.0,6.2515306
0.0,5.899491
11.0,5.7256765
0.0,8.010191
0.0,6.359557
0.0,6.1450343
0.0,6.409849
0.0,5.8806477
0.0,8.060548
0.0,5.9367385
0.0,5.8837376
0.0,5.893284
0.0,6.1450343
3.0,6.5168724
0.0,6.3000054
0.0,6.553372
0.0,5.8616276
15.0,10.13636
1.0,10.218666
0.0,8.103452
0.0,9.086871
0.0,6.5465302
0.0,8.952309
0.0,6.5591664
0.0,6.5347295
0.0,6.1722355
0.0,5.8439074
0.0,7.556544
0.0,6.115556
0.0,5.893284
0.0,6.915448
0.0,5.895556
0.0,6.5465302
0.0,6.0612793
0.0,6.523473
0.0,5.7383127
0.0,7.538691
0.0,8.326649
0.0,7.4677835
3.0,7.226182
0.0,7.8213506
0.0,6.0978627
0.0,5.907849
0.0,6.5465302
0.0,5.903273
0.0,5.8273516
0.0,8.32263
0.0,8.749479
0.0,7.101868
0.0,5.811746
0.0,5.814069
0.0,6.030573
0.0,6.5289755
0.0,5.895556
0.0,7.847616
0.0,5.765514
0.0,5.7451453
0.0,5.8565435
0.0,5.7648754
0.0,7.7084117
0.0,7.7397723
0.0,6.0873213
0.0,6.475079
0.0,5.875729
0.0,5.8210974
0.0,6.643125
2.0,5.708122
0.0,6.352588
0.0,6.1004353
0.0,5.863093
0.0,5.920485
0.0,5.8380136
0.0,5.770598
0.0,6.2165403
0.0,6.144354
0.0,5.708122
0.0,5.735499
0.0,5.863093
2.0,9.472499
0.0,10.249195
10.0,9.159048
0.0,6.265117
0.0,6.7389345
10.0,6.1544514
1.0,5.753043
3.0,8.113956
0.0,5.9548893
0.0,8.233154
0.0,7.5872884
1.0,6.650312
12.0,5.9313545
0.0,9.920353
0.0,6.651059
1.0,8.386612
20.0,7.21942
30.0,12.071368
0.0,11.331108
0.0,6.4502873
20.0,8.269616
6.0,8.085971
30.0,12.19709
5.0,8.963985
37.0,10.7596035
28.0,11.442578
2.0,6.581575
27.0,7.8729544
0.0,6.4531064
19.0,9.907023
50.0,11.14113
1.0,11.170872
0.0,8.701665
55.0,11.536643
22.0,11.431328
50.0,9.727427
1.0,6.9995337
2.0,7.6925855
0.0,6.326067
0.0,8.380991
0.0,5.853895
0.0,5.808974
0.0,9.290031
0.0,5.8263526
0.0,5.966288
0.0,7.1178403
1.0,5.758155
4.0,6.331275
26.0,6.0857286
19.0,6.3741894
25.0,7.384149
0.0,6.6825767
1.0,6.4345956
116.0,9.702223
0.0,6.833721
0.0,6.343584
8.0,10.755137
2.0,8.902035
0.0,6.3010983
0.0,7.766318
24.0,7.873699
0.0,5.944412
19.0,11.512849
6.0,10.021953
0.0,6.3722663
8.0,6.163173
0.0,5.7920337
35.0,6.340651
10.0,5.8818765
10.0,11.8166895
0.0,6.354802
0.0,6.4621687
0.0,5.7256765
